company_id,speciality
2017,Semiconductors
2017,Wireless
2017,Mobile
2017,Networking
2017,Wi-Fi
2017,Small Cells
2017,Wireless Power
2017,Augmented Reality
2017,Location Services
2017,Internet of Things
2017,Automotive
2017,5G
2017,PC computing
2017,Bluetooth
2457,EDA
2457,Computer Software
2457,Semiconductor IP
2457,Software Quality
2457,Software Security
100237534,website development
100237534,performance marketing
100237534,virtual events
100237534,content production
74708,Lasers
74708,Semiconductors
74708,Laser Systems
74708,Laser Applications
74708,Communication Components
74708,Optoelectronic Devices
74708,Optical Transceivers
74708,Optical Instrumentation
74708,Laser Machines & Systems
74708,Laser Components & Accessories
74708,Laser Measurement Instruments
74708,Engineered Materials
74708,SiC Power Devices & Modules
74708,SiC Substrates & Epitaxy
74708,Ion Implantation
74708,Lithium-Ion Battery Recycling
74708,Ceramics Capabilities
12504,Bioanalytical services
12504,Food & Feed testing
12504,Environment testing
12504,Pharma Services
12504,Pharma Early Development
12504,Pharma Central Laboratory
12504,BioPharma Product Testing & QC
12504,Agrosciences
12504,Product Testing
12504,Genomic Services
12504,Forensics & Applied Genetics
12504,REACH Services
96167369,VLSI Design
96167369,RTL to GDSII
96167369,Chiplets & Interconnects
96167369,Pre & Post Silicon Validation
96167369,Board Design
96167369,Firmware Dev & Validation
96167369,Board Bring up
96167369,Linux & Android
96167369,Connectivity
96167369,Multimedia
96167369,Flash Storage
96167369,Application Software
96167369,Cloud Computing & Cybersecurity
96167369,Agentic AI
96167369,GenAI
96167369,Digital Engineering
16198010,Consulting
16198010,Data & AI Impact
16198010,Design & Engineering
16198010,Custom Applications
16198010,Enterprise Applications
16198010,Insurance Software and BPS
16198010,Banking BPS
16198010,Finance & Accounting
16198010,Cyber Security
16198010,Modern Workplace
16198010,Cloud & Infrastructure 
95035475,Cold Email Marketing
95035475,B2B Lead Generation
95035475,Email Marketing
95035475,Lead Generation
95035475,Email Deliverability
95035475,"Lemlist, Instantly"
5651,Investment management solutions and services for the global investment industry
5034,Digital Transformation
5034,Digital Business Strategy 
5034,CX Innovation & Optimization (SFDC)
5034,Digital Product Engineering (ISV)
5034,Data-Driven Business & Intelligence
5034,Core IT Modernization 
5034,"Identity, Access and Privacy Management"
5034,Consulting
108290159,Virtual Internships
108290159,Career Mentorship
56915,IT Services
56915,Staff Augmentation
56915,Managed Services
56915,Professional Services
97157,Banking Transformation
97157,Retail Banking
97157,Aurionpro Customer Experience
97157,Queue Management System
97157,Self Service Kiosk
97157,Customer Feedback System
97157,Digital Signage Solution
97157,Wholesale Banking
97157, Transaction Banking Solution
97157,Corporate Internet Banking
97157,Payments
97157,Collections
97157, Receivables Management
97157,Liquidity Management
97157, Financial Supply Chain Management
97157,Trade Portal
97157,Credit Risk Management
97157,SmartLender Financial Analysis
97157,Origination & Approval
97157,Collateral & Limit Management
97157,Post-Approval
97157,Smart Lender Cloud 
97157,Treasury and Capital Markets
97157,FX Connect
97157,Smart City and Smart Mobility
97157,Digital Twin City Platform
97157,Centralized Project Management System Platform
97157, OTT Platform Solutions
97157,Smart Mobility
97157,Automatic Fare Collection
97157,ITMS
97157,Hardware Components AFC
97157,Transit Payment Solution
97157, Professional Services
97157,G2G Support Services
97157,Consulting Services
97157,Managed  IT Services for Software
97157,Data Center Services
97157,Hybrid Cloud Services 
97157,Specialized Services
97157,Payment Services
97157,Artificial Intelligence
97157,Transaction Banking
2378,Diversified group
2378,Retail
2378,Integrated Energy
2378,Refining & Marketing
2378,Petrochemicals
2378,Telecom : Broadband
2378,Exploration and Production
2378,Telecom
15143454,Home improvement
15143454,Retail
15143454,E-commerce
15143454,Omni-channel
7306008,Cummins Engine Business
7306008,Cummins Power Generation
7306008,Cummins Distribution Business
7306008,Cummins Turbo Technologies
7306008,Cummins Emission Solutions
7306008,Cummins Fuel Systems
7306008,Cummins Filtration
7306008,Cummins Electrified Power
14492968,UX Design
14492968,Re-design Experts
14492968,Digital Advertising Strategies
14492968,Front-end UI
14492968,Digital Product Design Strategy
14492968,Digital Product Branding Strategy
14492968,Digital Product Marketing Designs & Strategy
14492968,UI Design
14492968,Usability Evalutation
14492968,B2B UX
14492968,B2B2C UX
14492968,AI
14492968,Vision AI
14492968,Digital Twin
14492968,AI Pipeline
14492968,Model Training
14492968,AI Transformation
14492968,Digital Transofrmation Strategy
14492968,Vision AI Solutions
14492968,Predictive UX Intelligence
14492968,Product Strategy & Architecture
14492968,Zero-to-One Product Development
14492968,MVP Development
14492968,SaaS Product Engineering
14492968,Full-stack Development
14492968,Cloud-Native Architecture
14492968,Design Systems & UX Governance
14492968,Headless CMS Development
14492968,Flutter App Development
14492968,Produc-Market Fit Consulting
14492968,Scalable System Architecture
14492968,AI Platform Development
14492968,Enterprise AI Implementation
14492968,UX AI Analytics
222111,Embedded Systems & Electronics
222111,Engineering Software
222111,Mechanical Systems & Structures
222111,Product Lifecycle Solutions
222111,Engineering Services
222111,Engineering Consulting
222111,Softwareengineering 
222111,Automotiveengineering 
222111,Aerospace&Defense 
222111,Rail
222111,Energy 
222111,AI
222111,hi tech
222111,Warehouseautomation 
222111,Sustenenceengineering 
222111,Software product engineering 
222111,Embedded product engineering 
222111,digital technology 
222111,supply chain 
222111,testing and automation 
222111,Commucation technology 
222111,MedTech 
222111,Healthcare 
222111,Semiconductors
222111,Silicon
222111,Cloud
222111,Oil&Gas
222111,Mining 
222111,digital hub
222111,Rail engineering
222111,Medical Engineering 
14766,Lean Business
14766,Talent Development
14766,Strategy Management
14766,Engineering 
5470,Banking
5470,Capital Markets
5470,Wealth & Investment Management
5470,Finance
5470,Risk & Compliance and Technology
5470,Insurance
5470,Financial Technology
5470,Management Consulting
5470,Consulting
5470,Business Transformation
5470,Digital
5470,Energy
108993491,Recruitment Services 
108993491,Remote Work
108993491,Human Resources
108993491,Pre-Vetted Talent Pool
108993491,Taxation and Compliance 
2001226,Technical Writing and Documentation Services
2001226,"Digital, Social and Creative Marketing Services"
2001226,Contract and Permanent Staffing Services
2001226,Managed Services
2001226,Machine Learning
2001226,Salesforce
2001226,Artificial Intelligence
2001226,IT Staffing
2001226,Software Engineering
2001226,Video Production
2001226,Program Management
2001226,Multimedia Services
2001226,QA & Testing
2001226,Data & Business Analysis
2001226,Product Management
2001226,Healthcare IT
2001226,Pharmaceutical
2001226,Life Sciences
2001226,Cloud Technolgies
2001226,UI/UX
2001226,Operations
2001226,Prompt Engineering
77903730,Web Development
77903730,Application Development
77903730,SEO
77903730,DIgital Marketing
77903730,Website Design
77903730,E-commerce Website
70971420,Real Estate Asset Management
70971420,Investment Management and Advisory
70971420,Real Estate Platforms
70971420,Diversified Financial Services
70971420,Real Estate Financing
70971420,Alternative Investment Funds
70971420,Realty
70971420,Impact Investing
164361,Engineering Services
164361,Design Led Manufacturing
164361,Networks and Operations
164361,Geospatial
164361,Semiconductor
164361,Technology Solutions
164361,Digital Transformation
164361,Industry 4.0
110269034,Fintech
3776,Marketing data
3776,Marketing technology
3776,Insight & strategy
3776,Creative services
3776,Loyalty marketing
3776,Email & digital messaging
3776,Customer acquisition & retention
3776,Digital
3776,Relationship marketing
3776,Omnichannel & cross-channel marketing
3776,Offline & experiential marketing
104418155,Global Talent
104418155,Recruiting
104418155,Hiring
104418155,Talent Acquisition
104418155,AI Native Talent
104418155,Global Hiring
104418155,AI-Powered Recruiting
104418155,Expert Recruiters
104418155,Startup Hiring
104418155,Technical Recruiting
104418155,Executive Search
104418155,Cross-Border Hiring
104418155,GCC Hiring
104418155,Outcome-Based Recruiting
104418155,AI Recruiting
104418155,Full-Stack Recruiting
104418155,Human-in-the-Loop AI
104418155,Agentic Hiring
346779,PEO
346779,ASO
346779,Payroll
346779,HRO
346779,Benefits Administration
346779,Employee Onboarding
346779,Benefits Enrollment
346779,Account Management
346779,Employee Self-Service
346779,Document Imaging
346779,SaaS solutions
346779,Cloud Computing
346779,Manager Self-Service
346779,small businesses
346779,small and medium sized businesses
346779,HCM
346779,HR tech
3469,Refrigerators
3469,Cookers
3469,Ovens
3469,Hobs
3469,Hoods
3469,Washing machines
3469,Dryers
3469,Freezers
3469,Small appliances
3469,Vacuum cleaners
7952659,Robotics
7952659,Autonomy
7952659,Defense
7952659,Perception
7952659,Artificial Intelligence
7952659,AI
7952659,Technology
7952659,Engineering
7952659,Hardware
7952659,Software
7952659,Drones
7952659,UAV
7952659,UAS
7952659,Machine Learning
7952659,National Security
103373501,architecture
103373501,interior
103373501,turnkeyconstruction
103373501,interior design
9707,Digital Strategy
9707,Continuous Delivery & DevOps
9707,Digital Execution
9707,Applications Management
9707,UX/Creative Services
9707,Testing Services
9707,Distributed Agile Development
9707,Service Desk
9707,Cloud
9707,Insight Through Data
9707,Digital Evolution
9707,Agile Transformation
9707,Automation
1318,Consulting
1318,Business Process Outsourcing
1318,Business Application Services
1318,Infrastructure Management
1318,Cloud Services
1318,Analytics and Information Management
1318,Product and Engineering Services
1318,Mobility
1318,Datacentre Managed Services
1318,Software application management
8014,Healthcare
8014,SaaS
8014,Supply chain management
8014,Automation
91165670,Creative
91165670,Branding
91165670,Content strategy
91165670,Influencer Marketing 
91165670,Digital analytics
91165670,Search engine optimization (SEO)
91165670,Social media engagement
91165670,Digital Marketing 
91165670,Performance Marketing 
91165670,Website Desiging
91165670,Marketing automation
91165670,Campaign tracking
91165670,Data-driven insights
91165670,Competitive analysis
91165670,Lead generation
19126858,Cybersecurity
19126858,Managed Services
19126858,Global Data Centers
19126858,Cloud Infrastructure
19126858,Cloud Communication
19126858,Global Networks
19126858,Security
19126858,Transformaton and Platform Services
19126858,ICT Infraststructure Services
19126858,Global Business
19126858,Communications Lifecycle Management
19126858,Innovation
19126858,Research and Development
19126858,Connected Conservation
19126858,Smart Cities
19126858,Connected Sports
19126858,Connected Agriculture
19126858,Connected Mobility
19126858,Connected Healthcare
19126858,Connected Factories
14499827,Data Science
14499827,Machine Learning
14499827,Computer Vision
1756,Manufacturing
1756,Aerospace & Defense
1756,Financial Services
1756,Telecom
1756,Retail & CPG
1756,Life Sciences & Healthcare
1756,Media & Entertainment
1756,Travel
1756,Transportation & Logistics
1756,Automotive
1756,Government
1756,Energy & Utilities
1756,Consumer Electronics
1756,Healthcare
1756,Cloud
1756,Digital
1756,Engineering
1756,AI
1756,Technology and Services
1756,Software
77364936,Advertising
77364936,DOOH
77364936,OOH
77364936,Marketing
3998479,Consulting
3998479,Mobile Development
3998479,MSP/VMS Staffing
3998479,Cloud Computing
3998479,Product Engineering
3998479,Cybersecurity Solutions
3998479,staffing
3998479,recruiting
3998479,hiring
3998479,multi national company
3998479,talent pool
3998479,recruitment consultancy
3998479,technology 
3998479,recruiting solutions 
37093,SaaS
37093,Construction
37093,BIM
37093,Collaboration
37093,eProcurement
37093,Supply Chain Management
37093,Cloud collaboration
37093,Business Process Management
37093,Common Data Environment
37093,Information Management
37093,Capital Projects
37093,Infrastructure Development
37093,Digital Twin
37093,Building Information Modelling
37093,Data
37093,Interoperability
37093,Project Financials
37093,Contract Management
37093,Portfolio Project Management
37093,Asset Information Management
37093,Construction Technology
18649748,SaaS
18649748,Marketing
18649748,Advertising
18649748,CRM
2355687,Water & Environment
2355687,Roads & Transportation
2355687,Buildings & Industries
2355687,Urban & Regional Planning
2355687,Testing & Investigations
2355687,Facility Management
2355687,Architecture
2355687,Design
2355687,Construction Supervision
2355687,Third Party Inspection
2355687,Project Management
2355687,Government Advisory
110048947,Career Development
110048947,Talent Mentorship
110048947,Performance Coaching
110048947,Startup Growing
110048947,Entrepreneurship Enablement
7190,Big Data Consulting
7190,Data Plumbing
7190,Software Product Engineering
7190,Customer Relationship Management
7190,ERP and Business Analytics
7190,Infrastructure Services
7190,Product Lifecycle Management
7190,Digital Solutions
7190,Data Analytics
7190,Mobility
7190,Testing as a Service
7190,Supply Chain Management
7190,Business Consulting
7190,Software Engineering
7190,IT Services
7190,IT Solutions
7190,Big Data
7190,Hadoop
7190,Data Lake
7190,Smart Loyalty
7190,Intelligent Planning & Execution
7190,Hyper Automation
7190,Experience SLA
7190,Cloud Integrated DevOps
7190,Cloud Automation
7190,Digital Workplace
7190,Digital Persona
7190,Data Engineering
7190,Data Science
7190,Anaplan Implementation
7190,Salesforce Implementation
7190,Customer Engagement
7190,Supply Chain Simulation
7190,Supply Chain Planning
7190,Supply Chain Optimization
7190,Product Design
7190,Digital Product Design
7190,Engineering Simulation
7190,Smart Factory
7190,Intelligent Factory
7190,Manufacturing Intelligence Platform
7190,Smart Manufacturing
7190,SaaS
7190,Windchill
105587758,Digital Forensics
105587758,Incident Response
105587758,SOC as a Service
71966762,Drone training
71966762,Cargo UAV
71966762,Agriculture Drone Training
71966762,Research and Development
164197,"Food, Fast Moving Consumer Packaged Goods"
164197,CPG
164197,Consumer Packaged Goods
3565199,BIM
3565199,Construction Productivity
3565199,Integrated Digital Delivery
3565199,Virtual Design & Construction
3565199,Digital Transformation
3565199,Construction Tech
3565199,Modular
3565199,PPVC
3565199,PBU
3565199,PMU
3565199,DfMA
3565199,AI in Construction
3565199,safety in construction
3565199,Digital Twin
2494361,"BI, Analytics and Automation"
2494361,Cloud
2494361,Digital
2494361,Applications Modernization
2494361,Infrastructure Management
2494361,Security and Hosting
2494361,BPO
2494361,Financial Services and Insurance
2494361,Healthcare
2494361,Public Sector
2494361,Manufacturing and Commercial Industries
2494361,Consulting
5300,Application Software Development
5300,Product Engineering
5300,Testing
5300,Software Quality Assurance
5300,IT Infrastructure Management
5300,Architecture Consulting
5300,Security Consulting
5300,Automotive Software
5300,Energy Software
5300,Telecom Software
5300,Software
5300,Blockchain
5300,Consulting
5300,Digital Engineering
5300,Telecom
35886973,CRM
35886973,Salesforce
35886973,MS Dynamics 365
35886973,SuiteCRM
35886973,SugarCRM
35886973,Salesforce CRM
35886973,Apex
35886973,vlocity
35886973,Salesforce Consulting
35886973,Salesforce Implementation
35886973,CPQ
35886973,Lightning Development
35886973,Community Cloud
35886973,Service Cloud
35886973,Sales Cloud
35886973,CRM Consulting
35886973,AgentForce
35886973,Cloud Technology
35886973,Marketing Automation
4025,Cyber
4025,Data Solutions
4025,Consulting & Advisory
4025,Power & Energy
4025,Architecture & Planning
4025,Civil Engineering
4025,Defense & Space
4025,Renewables & Environment
4025,Mechanical or Industrial Engineering
4025,Aviation & Aerospace
4025,Software Engineering
4025,Pharmaceuticals 
4025,Information Technology and Services
4025,Semiconductors
4025,Water/Wastewater
4025,Transportation/Rail
4025,Electrical Engineering
4025,Structural Engineering
4025,Systems Engineering
1775796,A/B Testing
1775796,Website Optimization
1775796,Behavioral Targeting
1775796,Web Analytics
1775796,Conversion Rate Optimization
1508,"Leader in banking , insurance and financial services"
13632477,Interior Designing/Architecture/Construction
13632477,Business management
13632477,Marketing
13632477,Project management
13632477,Risk Management
79776182,SCM
79776182,ERP
79776182,MSP
79776182,product development services
79776182,implementation partners
79776182,IT Outsourcing
79776182,Consulting
79776182,Permanent Staffing
79776182,Contractual Staffing
79776182,Payroll Services
79776182,IT services
79776182,HR
79776182,IT Technology
67217917,Network Infra
67217917,Ai Flowchart
67217917,Data storage
67217917,Healthcare
67217917,Retrieval Augmented Generation(LLM)
104822035,Healthcare Supply Chain
66922985,iPhone App Dev
66922985,iPad App Dev
66922985,Android App Dev
66922985,Mobile Web Dev
66922985,Java Dev
66922985,PHP Web Dev
66922985, Ruby on Rails Dev
66922985,CMS Web Dev
66922985,Drupal Dev
66922985,Joomla Dev
66922985,WordPress Dev
66922985,UX Design
66922985, ASP.NET Dev
66922985, Internet of Things
66922985,PPC
66922985,SMO
66922985,SEO
66922985,Social Media Marketing
66922985,Digital Marketing
66922985,Ecommerce Website Development
66922985,Website Design
66922985,outsourcing
66922985,outsourcing it service
66922985,blockchain developer
66922985,AEM 
66922985,AEM SITES
66922985,AEM ASSETS
13646569,recruitment
13646569,hr services
13646569,payroll
13646569,manpower services
13646569,contract staffing
13646569,counselling
13646569,career counselling
13646569,HRIT Operations
13646569,event hostesses
13646569,corporate event hostesses
13646569,career guidance
13646569,interview skills classes
13646569,soft skills
13646569,outsourcing
13646569,hr training
13646569,leader training
13646569,hr audit
13646569,executive search
13646569,campus placement
13646569,start up guide
13646569,international recruitment
13646569,doctors recruitment
13646569,labour recruitment
13646569,gulf recruitment
1353,IT Services
1353,Business Solutions
1353,Consulting
9215331,Management Consulting
9215331,Systems Integration and Technology
9215331,Business Process Outsourcing
9215331,Application and Infrastructure Outsourcing
9215331,Digital
9215331,Technology
9215331,Strategy
9215331,Cloud
9215331,Analytics
9215331,Artificial Intelligence
9215331,Blockchain
9215331,Security
1957898,Microsoft Solutions
1957898,Azure
1957898,Disaster Recovery
1957898,Data Platform
1957898,Data Analytics
1957898,Application Development
1957898,Cybersecurity
1957898,AI
1957898,Cloud
1957898,Consulting
1957898,Outsource Teams
1957898,Microsoft 365
1957898,OT Security
1957898,Gen AI
1957898,Managed Detection and Response
1957898,Managed Services
1957898,Microsoft Security
1957898,Responsible AI
1957898,Security Operations Center
1957898,Data Governance
1957898,AI Security
1957898,Quality Assurance
1957898,Microsoft 365 Copilot
1957898,Microsoft Fabric
1957898,Microsoft Purview
1957898,Azure Virtual Desktop
1957898,Zero Trust
1957898,Penetration Testing
1957898,AI Agents
9210946,vehicle remarketing
9210946,dealer services
9210946,mobile technology
9210946,Dealer-only
9210946,online wholesale
9210946,technology solutions
9210946,car auctions
9210946,digital auctions
9210946,marketplaces
435210,Programming Challenges
435210,Technical Recruiting
435210,Technical Candidate Filtering
435210,Coding Tests
435210,Recruiting
435210,Tech Recruiting
435210,Recruiting Software
435210,Hiring Solutions
435210,hackerrank interview
2148,Energy Efficiency
2148,Mobility
2148,Security
2148,decarbonization
2148,digitalization
2148,Internet of Things
299022,Architectural
299022,Engineering and Construction Management
299022,Project Management
299022,Facility Qualification and Validation
299022,EPCmV
299022,EPC
299022,Project Life-Cycle Management
299022,Turnkey Projects
299022,HVAC
299022,Electrical
299022,Structural Engineering
299022,Instrumentation
299022,Process Engineering
299022,Fire & Life Safety
166897,Drilling
166897,Evaluation
166897,Completion
166897,Production
166897,Intervention
1475190,Payroll & Benefits Administration
1475190,Workers'​ Compensation
1475190,Human Resources
1475190,Loss Control
1475190,Workplace Safety
1475190,Employer Services
1475190,OSHA Training
1475190,Innovative Solutions
1475190,PEO
1475190,professional employer organization
1475190,HCM
1475190,human capital management
1475190,outsourcing
1475190,HR technology
1475190,talent management
1441,search
1441,ads
1441,mobile
1441,android
1441,online video
1441,apps
1441,machine learning
1441,virtual reality
1441,cloud
1441,hardware
1441,artificial intelligence
1441,youtube
1441,software
3828102,Staffing and  Recuritment
3828102,IT Support
3828102,Digital Marketing
3828102,Software Development
3828102,Web Application Delvelopment
64608820,electric vehicle trends
64608820,electric vehicles
64608820,automotive data
64608820,sustainable mobility
64608820,vehicle production
64608820,vehicle technology
64608820,automotive insights
64608820,Global Auto Demand Tracker
64608820,vehicle demand
64608820,vehicle parts demand
64608820,vehicle identification
3750699,Data Protection
3750699,Security
3750699,Ransomware Recovery
3750699,Data Security
3750699,Data Management
3750699,SaaS
3750699,Software
3750699,Hybrid Cloud
3750699,Cloud
3750699,Multicloud
3750699,Cyber Recovery
3750699,Data Recovery
3750699,Disaster Recovery
3750699,Data Infrastructure
3750699,Data Center
3750699,IT
3750699,Business Continuity
3750699,Analytics
3750699,Test & Dev
3750699,Distributed Systems
3750699,Information Technology
3750699,Digital Transformation
3750699,AI
3750699,Generative AI
3750699,Cyber Resilience
3750699,Data Resilience
3750699,Backup and Recovery
3750699,Instant Mass Restore
3750699,Long-Term Retention
3750699,Threat Protection
3750699,Data Classification
3750699,Data Mobility
3750699,Data Migration
3750699,Data Replication
3750699,Data Insights
3750699,Responsible AI
3750699,AI Conversational Search
3750699,Conversational AI
417459,Our Recruitment specialties lies in
417459,Advertising Media
417459,Manufacturing
417459,Other Service Industries
417459,Information Techonology
417459,Recruitment Franchise
417459,Franchise
821880,Aeroengines
821880,Aerostructures
821880,WSPS
821880,Rockets
821880,Space
821880,Sand Castings
821880,MRO
100062393,Lithium Battery
100062393,Manufacturing
100062393,Battery Management System
100062393,Thermal Management System
100062393,Energy Storage System
100062393,Two Wheeler Battery
100062393,Three Wheeler Battery
100062393,Cloud-Connected Battery Packs
100062393,Innovative Battery
100062393,Electric Vehicle Battery Solutions
100062393,Data-Driven Energy Management
100062393,Sustainable Technology
100062393,Grid Scale Storage Solution
100062393,AIS156/AIS048 Battery
100062393,Smart Energy Solutions
100062393,Global energy demand
100062393,Real-Time Battery Health Monitoring
100062393,Battery Manufacturing 4.0
100062393,High-Efficiency Energy Solutions
100062393,Industry Leadership
100062393,Sustainable Manufacturing
234625,Zero Trust
234625,SASE
234625,Cloud Security
234625,CASB
234625,Secure Web Gateways
234625,Secure Remote Access
234625,Cloud Sandbox
234625,Cloud Firewall
234625,CSPM
234625,Workload Segmentation
234625,SSE
15656,Cities
15656,Commercial & Residential
15656,Education
15656,Governments
15656,Healthcare
15656,Industrial
15656,Leisure & Hospitality
15656,"Oil, Gas & Chemicals"
15656,Power
15656,Sports & Venues
15656,Transportation
15656,Water
513983,Conformity Assessment
513983,ISO Certification
513983, FSSAI Audits
513983, CE Marking
513983,ERDMP 
513983,CGD Inspection
513983,T4S
513983,Pipeline Integrity Managment System
513983,ZED
513983, ICMED 9000
513983,vendor inspectio
297963,CFD
297963,FEA
297963,CAE
297963,Engineering Services
297963,CAE Training
297963,CAD
297963,Meshing
297963,Acoustic
297963,Prototyping
297963,aerospace
297963,automotive
297963,construction
297963,electronics 
297963,general engineering
297963,oil and gas 
297963,process industry
297963,nuclear
297963,turbo machinery
10367291,ERP Processes
10367291,Hyperautomation-as-a-Service
10367291,SaaS
10367291,Integration
10367291,Automation
10367291,Business process automation
10367291,Purchase order automation 
10367291,Digital Transformation
10367291,ETL
10367291,Event driven Automation
10367291,Automatic error handling  
10367291,RPA
14518748,Spend Analysis
14518748,Contract Management
14518748,Strategic Sourcing
14518748,Supplier Evaluation
14518748,Procurement
14518748,Sourcing
14518748,RFP Management
14518748,Negotiation Automation
14518748,Tail Spend Management
14518748,RFP/RFQ Automation
14518748,Intake-to-Award
26945,Marketing Analytics
26945,Advanced Analytics
26945,Forecasting
26945,Customer Lifetime Value
26945,Pricing & Promotions Optimization
26945,Consumer Insights
26945,Customer Lifecycle Management
26945,Customer Analytics
26945,Predictive Analytics
26945,Artificial Intelligence
26945,Machine Learning
26945,Integrated Marketing Effectiveness
26945,Data Science
26945,behavioral science
26945,design thinking
26945,data engineering
26945,Agentic AI
581027,Test Prep
581027,Academic Tutoring
581027,Online Learning
581027,Internet
581027,Technology
581027,High-Dosage Tutoring
80048535,Augmented Analytics
80048535,Decision Intelligence
80048535,Data Engineering
80048535,Digital Engineering
80048535,Artificial Intelligence
80048535,Generative AI
80048535,Analytics
80048535,Machine Learning
80048535,Data Science
99040985,ROBOTICS
99040985,PRODUCT DEVELOPMENT
99040985,ELECTRONICS
99040985,MECHANICAL
99040985,SOFTWARE
99040985,ENGINEERING DESIGN
99040985,LARGE SCALE MANUFACTURING 
99040985,INDUSTRIAL AUTOMATION
102940938,IT Services and Consulting
102940938,Staff Augmentation 
102940938,Custom App Development 
102940938,Mobile App Development
102940938,Application Modernization
102940938,API & Microservices
102940938,Cloud Migration and Modernization
99402135,Security Services
99402135,Comprehensive Facility Management
99402135,Housekeeping services
99402135,MEP Services
99402135,Skill Development & Training
99402135,Manpower Services
7584087,Big Data
7584087,Big Data Reconciliation
7584087,Insurance
7584087,Banking
7584087,Healthcare
7584087,Data Observability
7584087,Data Trustability
7584087,Data Quality
7584087,Autonomous Data Quality
7584087,Data Pipeline Trustability
7584087,Data Matching
7584087,Machine Learning
7584087,Generative AI
78631427,Software and Web Development
78631427,Enterprise Solutions
78631427,Mobile Application
78631427,IoT Solutions
78631427,Cloud Migration
78631427,ECommerce Solutions
78631427,Digital Marketing
78631427,Telecom BSS/OSS
317299,BPM Solutions
317299,CX Management
317299,Digital Transformation
317299,Data Annotation Services
317299,Call Center
317299,Business Process Outsourcing
317299,Debt Collection Services
317299,Tech Support
317299,App Support Call Center
317299,ECommerce Support
317299,Industry specific BPO Services
317299,BPO Services
317299,retail call center
317299,BFSI contact Center
317299,Customer Experience Services
317299,Healthcare Revenue Cycle
30754506,Sustainability
30754506,Design
30754506,Future Cities
30754506,Industrial
30754506,Digitalisation
30754506,Buildings
30754506,Architecture
30754506,Connected Products
30754506,Energy
30754506,Mobility
30754506,Infrastructure
30754506,Transportation
30754506,Process Industries
30754506,Automation
30754506,IT Solutions
30754506,Food and Pharma
30754506,Automotive
30754506,Consulting
30754506,Hydro
30754506,AI
30754506,Clean Energy
30754506,Management Consulting
1090,Healthcare
1090,Medical Devices
1090,Health systems
1090,Cardiology
1090,Healthtech
1090,Oncology
1090,Respiratory
1090,"Fertility, pregnancy"
1090,Connected Care
71818900,mobile app development
71818900,web application development
71818900,QA Automation
71818900,ERP & CRM Product Development and Customisation 
71818900,Artificial Intelligence
71818900,Machine Learning
71818900,Devops Engineering
71818900,Internet of Things (IoT)
71818900,Blockchain
109949100,transparency 
109949100,trustworthy
109949100,customer friendly
432613,Software Development Services
432613,Mobile Solutions
432613,Information Management
432613,Business Process Outsourcing
432613,Enterprise Data Management
432613,IT Services
432613,Big Data & BI Reporting
432613,Enterprise Search & Discovery
432613,Managed Infrastructure Services
432613,Managed Support Services
432613,IT Consulting
235176,Robotics
235176,automation
235176,process optimisation
235176,lightweight robots
235176,collaborative robots
235176,cage free robots
235176,Cobots
235176,cobot
235176,industrial automation
235176,Easy programming
105305001,Blockchain
105305001,Web3
105305001,Marketing
105305001,GTM
105305001,Growth
105305001,Content
105305001,Crypto
105305001,Advisory
105305001,Consulting
105305001,Operations
105305001,Events
10595,Advisory
10595,Cost and Commercial Management
10595,PMO and Planning
10595,Programme and Project Management
10595,Responsible Business
5328,Fashion
5328,Retail
105059773,Financial Services
105059773,AI Agents
105059773,RPA
105059773,Business Intelligence
105059773,Software Development
105059773,Venture Capitalist 
105059773,Automation
105059773,Marketing
105059773,Lead Generation 
105059773,Revenue Growth
105059773,Global Expansion
105059773,Blockchain
105059773,Generative AI
8049,telecommunications
8049,carrier ethernet
8049,broadband access
8049,FTTH
8049,Optical Networking Edge
8049,Wi-Fi
8049,SD-Access
8049,Vectoring
8049,FTTx
8049,RFoG
8049,EPON
8049,10G
8049,Open Networks
8049,Broadband
8049,Fiber Access
81537800,Cyber Security
81537800,Cloud Security
81537800,Web Application Security
81537800,DevSecOps
81537800,Vulnerability Assessment
81537800,Pentesting
81537800,Red Teaming
81537800,Network Security
81537800,Infra Security
81537800,Consulting
10622667,Product strategy and development
10622667,Solution Architecture and Design
10622667,Web and Mobile App Development
10622667,Cloud Hosting and Migration
10622667,Machine Learning
10622667,Gen AI
10622667,Data Analytics
10622667,RPA
10622667,Salesforce
10622667,UI/UX Design
10622667,Healthcare IT
10622667,AI Automation
10622667,DevOps/MLOps
28707255,real estate
9333781,Topographical Survey
9333781,Soil / Geotechnical  Investigation
9333781,Architectural & Structural Design Consultancy
9333781,Estimation and BBS preparation
9333781,Construction Material Testing
9333781,Third Party Quality Assurance
9333781,Project management Consultancy
9333781,Non Destructive Testing (NDT)
9333781,Building Information Modeling (BIM)
3882576,Cybersecurity
3882576,Network Security
3882576,Cloud Security
3882576,Zero Trust
3882576,Secure Enterprise Browser
3882576,Enterprise Browser
3882576,Browser Security
3882576,SSE
3882576,Phishing Prevention
3882576,Ransomware Prevention
5140,IT Consulting
5140,Technology and Outsourcing Services
5140,Application Maintenance
5140,Development
5140,Systems Integration
5140,Digital Transformation
5140,Digital Engineering
5140,Cloud Transformation
5140,Emerging Technology
5140,Artificial Intelligence
5140,Platform Engineering
5140,Product Engineering
2677559,Parking Management
2677559,Valet Parking
2677559,Mobile Payments
2677559,Parking Management Software
2677559,PARCS
2677559,Parking Technology
2677559,Parking Software
2677559,Free Flow Parking
2677559,Gateless Parking
2677559,Parking Compliance
2677559,Parking Validations
2677559,Parking Permits
2677559,Venue Parking
2677559,Municipal Parking
2677559,Hospitality Parking
2677559,On-street Parking
2677559,Off-street Parking
2677559,Retail Parking
2677559,Star Spaces®
2677559,Flex Lots®
2677559,Parking Signs
2083100,Sustainability Consultants
2083100,Green Building Consultants
2083100,Energy Consultants
2083100,Master Planning
2083100,MEP Consultants
2083100,Net zero Energy
2083100,Zero Carbon Design
2083100,Green Certification
2083100,Energy Positive
2083100,Water Self Sustainable
2083100,Net Zero Discharge
2083100,Carbon Neutral
2083100,HVAC
2083100,Retrofit Design
14921,Property & Casualty
14921,Software Consulting
14921,Insurance 
14921,Technology
14921,Commercial Insurance Solutions
14921,Data Integration
14921,Predictive Analytics
14921,Cloud Operations
14921,Digital Enablement
35467975,CONTENT WRITING
35467975,ACADEMIC WRITING
35467975,DIGITAL MARKETING
35467975,EDUCATION
35467975,E-LEARNING
35467975,ONLINE TUTORING
35467975,FREELANCE WRITING
35467975,TRANSCRIPTION
35467975,ADVISORY
35467975,CONSULTANCY
35467975,Search Engine Optimization
35467975,Social Media Marketing
35467975,Whiteboard Animation
35467975,E-Mail Marketing
35467975,Website Design
35467975,Website Development
2753,Technology
2753,Engineering
2753,Empowering Digital Transformation
2753,Internet of Things
2753,Industrial Automation
2753,Home Comfort
2753,Sensors
2753,Software
2753,Food Quality Protection
2753,Operational Certainty
2753,Project Certainty
2753,Advanced Manufacturing
2753,Energy Efficiency
2753,Responsible Refrigeration
2753,Food Waste Solutions
2753,STEM
2753,Sustainable Energy
3772094,Consulting
3772094,Soft Skill Training
3772094,Industry Trends 
3772094,Career Related Articles
3772094,Leadership 
3772094,Management
3772094,Recruitment 
3772094,Student Counselling
3772094,Training and Development
3772094,Human Resource Management
3772094,Content Development 
3772094,Professional Consulting
3772094,Career Guidance
3772094,Career Consultation
3772094,Resume Writing
12770,Digital Solutions
12770,Platforms
12770,Engineering
12770,R&D
12770,Products
6229,Audio
6229,Video
6229,Entertainment
6229,Internet
6229,Broadcast
6229,Cinema
6229,PC
6229,Software
6229,Hardware
6229,Mobile
6229,Voice
6229,3D
6229,Film
7603932,Multi Cloud
7603932,Infrastructure as a Code
7603932,Hybrid Cloud
7603932,SAP Services
7603932,Cloud Managed Services
7603932,Managed Security Services
7603932,AIOps
7603932,Public Cloud
7603932,MSP
7603932,Cloud Service Provider
7603932,Cloud Computing Company 
7603932,Cloud Migration
7603932,AWS
7603932,Google Cloud Platform
7603932,Microsoft Azure
7603932,RPA
7603932,Cloud Hosting
7603932,Private Cloud
7603932,DevOps
7603932,SAP HANA Operations Services
10224858,Drinking Water
10224858,Home Delivery
10224858,Retail
10224858,E Commerce
10224858,Hyper Local
10224858,Internet of Things
10224858,Consumer IoT
10224858,Water Purification
10224858,Consumer Services
53502121,Information Technology Staffing
53502121,Guidewire
53502121,Duck Creek
53502121,Salesforce
53502121,Staff Augmentation
53502121,AWS
53502121,Azure
53502121,Redhat
53502121,GCP
53502121,Managed Services
353182,Contact Center Solution for Enterprises
353182,CRMs
353182,Mobile application development
353182,Customer Experience Platform
353182,Trouble Ticketing CRM
353182,Lead Management System
353182,Chat
353182,ChatBot
353182,Omnichannel Platform
353182,Omnichannel contact center solution
353182,Cloud Contact Center
353182,AI Voice Agent
157240,Outsourcing
157240,Process Consulting
157240,Package Based Solutions
157240,Custom Solution Development
157240,Application Management
157240,Artificial Intelligence
157240,Business Consulting
157240,Cloud
157240,Digital
157240,Managed Services
157240,Digital Transformation
157240,Innovation
157240,Intelligent Industry
157240,Sustainable IT
157240,Generative AI
91114419,Accounting
91114419,Book Keeping
91114419,Company Incorporation
91114419,Business Consulting 
91114419,Business Development 
91114419, GST Consultation 
91114419,Startup India Funding 
2089060,Gaming
2089060,Mobile Games
2089060,Casual Games
2089060,Puzzle Games
2089060,Game Development
2089060,Publishing
4972,Software & Platform Engineering
4972,Agility
4972,Product Development
4972,IoT
4972,Next-Gen Architecture
4972,Application & Cloud Management
4972,Big Data & Analytics
4972,Consulting Services
4972,Digital Engagement
4972,Mobility
4972,Strategy & Experience
67572051,Digital Experience
67572051,Product Innovation
67572051,Technology IT Consulting
67572051,Business Consulting Solutions
67572051,IT Service Provider
67572051,Business Analytics
67572051,Operations Consulting
67572051,Digital Transformation Consulting
67572051,SAP Oracle Netsuite
67572051,Networking and Telecom
67572051,Embedded and Semiconductor
67572051,Life Sciences
67572051,Healthcare
67572051,Product Innovation & Engineering
67572051,Professional Services
67572051,Enterprise Application
6596349,Customer Interaction Center
6596349,Software Application Development
6596349,GenesysCloud
6596349,Genesys
6596349,Purecloud
6596349,Contact center Solution
6596349,Custom Application Development
90436577,IT Staffing
10447496,CRM
10447496,Data
10447496,ERP
28672430,Microservices
28672430,Cloud
28672430,IOT
28672430,Big Data
28672430,DevOps
28672430,CI/CD
28672430,IT Consulting
28672430,AWS
28672430,Azure
28672430,Google Cloud
28672430,Open Stack
28672430,Kubernetes
28672430,Docker
28672430,Low code
28672430,UI Path
28672430,Blueprism
28672430,appigee
28672430,Data Analytics
16456,Broadcast graphics
16456,Mobile streaming
16456,Media asset management
16456,Online publishing
16456,Video editing tools
16456,Real-time 3D graphics
16456,Studio automation
16456,Sports analysis
16456,Virtual advertising replacement
16456,live streaming
16456,Live production
16456,Sports technology
16456,Education technology
16456,Content Creation
18216288,semiconductor
18216288,ASIC Design services
18216288,Physical design
18216288,ASIC Verification
18216288,Physical Verification
116574082,Performance Marketing
116574082,D2C Marketing
116574082,Digital Marketing India
116574082,Meta Ads
116574082,Google Ads
116574082, UGC Marketing
116574082,Influencer Marketing
116574082,Marketplace Onboarding
116574082,Social Media Management
116574082,Content Creation
116574082,Website Development
116574082,Healthcare Marketing
116574082,Real Estate Marketing
116574082,Restaurant Marketing
116574082,Education Marketing
116574082,Hotel Marketing
116574082,E-Commerce Marketing
116574082, Lead Generation
116574082,Brand Strategy
116574082,D2C Growth
1003693,Recruitment
1003693,Leadership hiring
1003693,Human Resource Management
1003693,Startups
1003693,Career Guidance
1003693,Resume
1003693,Jobs
1003693,Interview
1003693,Work Culture
1003693,Employer Branding
1003693,Training
1003693,Team Building
103296186,job portal
1112,telecommunications
1112,mobility
1112,videoconferencing
1112,networking
1112,cloud computing
1112,security
1112,unified communications
1112,machine-to-machine
81954233,Dispensers
81954233,Caps and Closures
81954233,Trigger sprayers
81954233,Lotion pumps
81954233,Cosmetic pumps
81954233,Foamers
81954233,Aseptic beverage caps
81954233,Tamper evident closures
81954233,Child-resistant caps
81954233,Laundry caps
81954233,Flexible packaging
81954233,Bag-in-box
81954233,Dispensing taps and fitments
81954233,Filling equipment
81954233,E-commerce
81954233,Custom solutions
81954233,Packaging innovation
2281490,Budgeting and Forecasting
2281490,Financial and Operational Planning
2281490,Month-end Close Management
2281490,Consulting Services
1056670,IT CONSULTING
1056670,CLOUD COMPUTING
1056670,CREATIVE SERVICES
1056670,ITIS
1056670,MOBILE APPLICATION DESIGN AND DEVELOPMENT
1056670,UI-UX & CUSTOMER EXPERIENCE DESIGN SERVICE
104388967,Semiconductors
104388967,Analog
104388967,Power Management
104388967,Microcontrollers MCU
3599157,work order management 
3599157,Facility service management 
3599157,property management
3599157,mobile apps development
3599157,web development
99098200,"Recruitment, IT Solutions "
99098200,consulting 
1523656,Agentic Automation
1523656,Agentic AI
1523656,Agentic Orchestration
1523656,Business Process Management
1523656,Intelligent Document Processing
1523656,Agentic Testing
1060,5G
1060,Internet of Things
1060,Mobile broadband
1060,Communication services
1060,Managed services
1060,Fixed broadband
1060,LTE
1060,3G
1060,4G
1060,OSS
1060,BSS
1060,Cloud
1060,Network
1060,Telecom
1060,ICT
1060,IT
1060,IP
1060,Technology For Good
1060,Sustainability
1060,IoT
1060,Intelligent Transport Systems
1060,AI
1060,R&D
5227,Brokerage and Agency
5227,Corporate Solutions
5227,Investment Services
5227,Project Management
5227,Real Estate Management Services
5227,Valuation and Advisory Services
5227,Landlord Representation
5227,Tenant Representation
5227,Capital Markets
5227,Corporate Finance
5227,Commercial Real Estate
5227,Investment Management
99551146,Software Testing 
99551146,Defect Management
99551146,Web Development
99551146,Delivery Management
99551146,Mobile App Development
99551146,Project Management
99551146,Digital Marketing
99551146,Business Consulting
99551146,Augmented Reality
88396309,Real estate developers
80901,Ecosystem Integration
80901,B2B Integration
80901,Cloud Integration
80901,Secure Managed File Transfer
80901,EDI Integration
80901,Supply Chain Integration
80901,Supply Chain Connectivity
80901,API Integration
80901,Managed EDI Services
4251,Flash Memory Storage
4251,Memory Cards
4251,Embedded Storage
4251,USB Storage
4251,Solid State Drives
4251,Enterprise Software
4251,Software and Services
82592632,Application Software Development
82592632,Product Engineering
82592632,Testing Software
82592632,Quality Assurance
82592632,IT Infrastructure Management
82592632,Architecture Consulting
82592632,Security Consulting
82592632,Automotive Software
82592632,Energy Software
82592632,Telecom Software
82592632,Blockchain
82592632,Consulting
82592632,Digital Engineering
82592632,Software company
82592632,IT Consulting
1280889,Additive Manufacturing
1280889,Laser Technology
1280889,Smart Factory
1280889,Machine tools
1280889,Laser Cutting
1280889,Punching
1280889,Bending
1280889,Laser Welding
1280889,Automation
1280889,Laser Marking
1280889,Laser Tube Cutting
1280889,Industry 4.0
1280889,Flexible Sheet Metal Processing
1280889,Consulting
1280889,Industrial Lasers
1280889,Software
1280889,Services
1280889,Ultrashort Pulse Laser
1280889, Plasma Excitation
1280889,Induction Generators
1280889,High-Technology 
1280889,Disk Laser
1280889,Digitalization
1280889,Automated Arc Welding
102844,ServiceNow
102844,Product Engineering
102844,Digital Transformation
102844,Salesforce Platinum Partner
102844,Design and Innovation
102844,Rapid Prototyping
102844,Experiment-Driven Design
102844,WPVIP
102844,Cloud Computing
102844,Salesforce
102844,QA Automation
102844,Automation Engineering
102844,Data Analytics
102844,Managed Services
102844,Custom Software Development
102844,Enterprise Mobility
102844,UX Design
102844,Great Place to Work
102844,Dream Companies to work for
102844,AI
102844,AI led design
102844,Design
102844,Microsoft
102844,Salesforce Summit Partner
102844,Automation
102844,UX
102844,UI
102844,QA
102844,CICD
102844,Support Maintenance
102844,Artificial Intelligence
101581789,AI-Driven Recruitment
101581789,Global IT Staffing
101581789,Specialized IT Talent
101581789,Client-Centric Approach
101581789,Talent Development
101581789,Innovative Solutions
101581789,Diversity and Inclusion
101581789,Banking Specialist
101581789,End-to-End Recruitment Services
1739031,Mechanical Engineering Services
1739031,Embedded Systems Services
1739031,Product Lifecycle Management (PLM)
1739031,Engineering Analytics
1739031,Power Electronics
1739031,M2M
1739031,Internet of Things (IoT)
1739031,Digital Engineering
1539,customer experience
1539,BSS
1539,OSS
1539,CRM
1539,"network planning, optimization and control"
1539,outsourcing
1539,digital services
1539,customer management
1539,ordering
1539,big data analytics
1539,network functions virtualization
1539,mobile financial services
1539,managed services
79501214,Subscription management
79501214,Top rated Shopify App
79501214,App for DTC brands
79501214,Reduce subscription cancellations for DTC brands
79501214,Increase subscription revenue for DTC brands
79501214,Subscriptions App
98502284,Cybersecurity
98502284,Artificial Intelligence
98502284,Machine Learning
98502284,AI/ML
98502284,NLP
98502284,Automation
98502284,Enterprises
10043,Capture
10043,Content Management
10043,Business Process Automation
10043,Case Management
10043,Customer Communications Management
10043,Collaboration
10043,Retention & Records Management
10043,Reporting & Analytics
10043,Search
10043,Unstructured Data
4797620,Web Design and Development
4797620,Software Consulting
4797620,Mobile Application
4797620,Data mining
4797620,Software Development
4797620,Web Crawling & Scrapping
4797620,Retail Softwares
4797620,CRM
4797620,IVR
4797620,ERP
4797620,mobile app
4797620,E-commerce
6629540,Mobile App Testing
6629540,Mobile App Monitoring
6629540,Mobile App Automation
6629540,Automated Testing
6629540,Appium
6629540,Cross Browser Testing
6629540,Test Automation
6629540,Automation Testing
6629540,App Testing
6629540,Application Testing
6629540,Banking App Testing
6629540,Game Testing
6629540,Digital Native App Testing
6629540,Retail App Testing
6629540,Automobile Testing
6629540,Telecom App Testing
6629540,Performance Optimization
6629540,Experience Monitoring
6629540,Android Testing
6629540,iOS App Testing
6629540,Regression Intelligence
6629540,Audio Video Testing
6629540,OTT Testing
6629540,Functional Testing
6629540,Performance Testing
6629540,5G Testing
162482,software development
162482,insurance technology
162482,agency management software
162482,brokerage management software
1493636,Seawater Intake and outfall systems
1493636,Operations & Maintenance of SPMs and specialized marine structures
1493636,Geophysical Marine Surveys
1493636,Submarine Pipelines
1493636,Post & Pre Trenching
1493636,Geotechnical Investigations
1493636,Marine Piling
1493636,Shoreline Protection
1493636,Dredging
1493636,Microtunneling
1493636,Geotechnical Soil Investigations
1493636,Foundation Engineering
1493636,"Breakwaters, Groynes, Bunds, Dykes & Offshore/Submerged Reefs"
1493636,Jetties & Berths
1493636,Marine EPC & Construction projects
1493636,Floating Desalination Systems
1493636,Erosion
1493636,Diving Services for construction support
23720860,Web Designing
23720860,Web Development
23720860,Mobile Applications
23720860,Digital Marketing
23720860,SEO
23720860,SMO
23720860,Website Designing
23720860,Graphic Design
23720860,Logo Design
